[{"model": "admin.logentry", "pk": 1, "fields": {"action_time": "2023-10-09T06:14:15.537Z", "user": 6, "content_type": 9, "object_id": "1", "object_repr": "Computer Science", "action_flag": 1, "change_message": "[{\"added\": {}}]"}}, {"model": "admin.logentry", "pk": 2, "fields": {"action_time": "2023-10-09T06:14:20.539Z", "user": 6, "content_type": 9, "object_id": "2", "object_repr": "Commerce", "action_flag": 1, "change_message": "[{\"added\": {}}]"}}, {"model": "admin.logentry", "pk": 3, "fields": {"action_time": "2023-10-09T06:14:25.512Z", "user": 6, "content_type": 9, "object_id": "3", "object_repr": "Engineering", "action_flag": 1, "change_message": "[{\"added\": {}}]"}}, {"model": "admin.logentry", "pk": 4, "fields": {"action_time": "2023-10-09T06:14:30.225Z", "user": 6, "content_type": 9, "object_id": "4", "object_repr": "Mathematics", "action_flag": 1, "change_message": "[{\"added\": {}}]"}}, {"model": "admin.logentry", "pk": 5, "fields": {"action_time": "2023-10-09T06:14:34.919Z", "user": 6, "content_type": 9, "object_id": "5", "object_repr": "Biology", "action_flag": 1, "change_message": "[{\"added\": {}}]"}}, {"model": "admin.logentry", "pk": 6, "fields": {"action_time": "2023-10-09T06:34:43.297Z", "user": 6, "content_type": 7, "object_id": "1", "object_repr": "Bachelor of Commerce", "action_flag": 1, "change_message": "[{\"added\": {}}]"}}, {"model": "admin.logentry", "pk": 7, "fields": {"action_time": "2023-10-09T06:35:12.788Z", "user": 6, "content_type": 7, "object_id": "1", "object_repr": "Bachelor of Commerce", "action_flag": 3, "change_message": ""}}, {"model": "admin.logentry", "pk": 8, "fields": {"action_time": "2023-10-09T06:35:21.251Z", "user": 6, "content_type": 7, "object_id": "2", "object_repr": "Bachelor of Commerce (B. Com)", "action_flag": 1, "change_message": "[{\"added\": {}}]"}}, {"model": "admin.logentry", "pk": 9, "fields": {"action_time": "2023-10-09T06:35:32.368Z", "user": 6, "content_type": 7, "object_id": "3", "object_repr": "Bachelor of Economics (BE)", "action_flag": 1, "change_message": "[{\"added\": {}}]"}}, {"model": "admin.logentry", "pk": 10, "fields": {"action_time": "2023-10-09T06:35:43.116Z", "user": 6, "content_type": 7, "object_id": "4", "object_repr": "Bachelor of Accounting and Finance (BAF)", "action_flag": 1, "change_message": "[{\"added\": {}}]"}}, {"model": "admin.logentry", "pk": 11, "fields": {"action_time": "2023-10-09T06:35:53.313Z", "user": 6, "content_type": 7, "object_id": "5", "object_repr": "Bachelor of Commerce in Banking and Insurance (BBI)", "action_flag": 1, "change_message": "[{\"added\": {}}]"}}, {"model": "admin.logentry", "pk": 12, "fields": {"action_time": "2023-10-09T06:36:03.412Z", "user": 6, "content_type": 7, "object_id": "6", "object_repr": "Bachelor of Commerce in Financial Market (BFM", "action_flag": 1, "change_message": "[{\"added\": {}}]"}}, {"model": "admin.logentry", "pk": 13, "fields": {"action_time": "2023-10-09T06:36:53.008Z", "user": 6, "content_type": 7, "object_id": "7", "object_repr": "Cyber security", "action_flag": 1, "change_message": "[{\"added\": {}}]"}}, {"model": "admin.logentry", "pk": 14, "fields": {"action_time": "2023-10-09T06:37:05.995Z", "user": 6, "content_type": 7, "object_id": "8", "object_repr": "Data science", "action_flag": 1, "change_message": "[{\"added\": {}}]"}}, {"model": "admin.logentry", "pk": 15, "fields": {"action_time": "2023-10-09T06:37:17.007Z", "user": 6, "content_type": 7, "object_id": "9", "object_repr": "Big data engineering", "action_flag": 1, "change_message": "[{\"added\": {}}]"}}, {"model": "admin.logentry", "pk": 16, "fields": {"action_time": "2023-10-09T06:37:26.307Z", "user": 6, "content_type": 7, "object_id": "10", "object_repr": "Data analytics.", "action_flag": 1, "change_message": "[{\"added\": {}}]"}}, {"model": "admin.logentry", "pk": 17, "fields": {"action_time": "2023-10-09T06:37:37.863Z", "user": 6, "content_type": 7, "object_id": "11", "object_repr": "Software programming.", "action_flag": 1, "change_message": "[{\"added\": {}}]"}}, {"model": "admin.logentry", "pk": 18, "fields": {"action_time": "2023-10-09T06:38:07.723Z", "user": 6, "content_type": 7, "object_id": "12", "object_repr": "Mechanical Engineering", "action_flag": 1, "change_message": "[{\"added\": {}}]"}}, {"model": "admin.logentry", "pk": 19, "fields": {"action_time": "2023-10-09T06:38:18.504Z", "user": 6, "content_type": 7, "object_id": "13", "object_repr": "Civil Engineering", "action_flag": 1, "change_message": "[{\"added\": {}}]"}}, {"model": "admin.logentry", "pk": 20, "fields": {"action_time": "2023-10-09T06:38:27.960Z", "user": 6, "content_type": 7, "object_id": "14", "object_repr": "Electrical engineering", "action_flag": 1, "change_message": "[{\"added\": {}}]"}}, {"model": "admin.logentry", "pk": 21, "fields": {"action_time": "2023-10-09T06:39:18.891Z", "user": 6, "content_type": 9, "object_id": "5", "object_repr": "Biology", "action_flag": 3, "change_message": ""}}, {"model": "admin.logentry", "pk": 22, "fields": {"action_time": "2023-10-09T06:39:18.906Z", "user": 6, "content_type": 9, "object_id": "4", "object_repr": "Mathematics", "action_flag": 3, "change_message": ""}}, {"model": "admin.logentry", "pk": 23, "fields": {"action_time": "2023-10-09T07:10:06.241Z", "user": 6, "content_type": 8, "object_id": "1", "object_repr": "Enquiry", "action_flag": 1, "change_message": "[{\"added\": {}}]"}}, {"model": "admin.logentry", "pk": 24, "fields": {"action_time": "2023-10-09T07:10:14.153Z", "user": 6, "content_type": 8, "object_id": "2", "object_repr": "Place Order", "action_flag": 1, "change_message": "[{\"added\": {}}]"}}, {"model": "admin.logentry", "pk": 25, "fields": {"action_time": "2023-10-09T07:10:20.379Z", "user": 6, "content_type": 8, "object_id": "3", "object_repr": "Return", "action_flag": 1, "change_message": "[{\"added\": {}}]"}}, {"model": "admin.logentry", "pk": 26, "fields": {"action_time": "2023-10-09T07:55:39.435Z", "user": 6, "content_type": 11, "object_id": "1", "object_repr": "fsd", "action_flag": 1, "change_message": "[{\"added\": {}}]"}}, {"model": "admin.logentry", "pk": 27, "fields": {"action_time": "2023-10-09T07:56:10.467Z", "user": 6, "content_type": 10, "object_id": "2", "object_repr": "Dilshad PP", "action_flag": 3, "change_message": ""}}, {"model": "admin.logentry", "pk": 28, "fields": {"action_time": "2023-10-09T07:56:16.811Z", "user": 6, "content_type": 10, "object_id": "1", "object_repr": "Dilshad PP", "action_flag": 3, "change_message": ""}}, {"model": "auth.user", "pk": 5, "fields": {"password": "pbkdf2_sha256$600000$6tHiH9fCmV2fMUbPyeNk9T$1nq4C3CmfQYYzrTKkrkhSGzsDkQXlThk5QSPT8ot00Y=", "last_login": "2023-10-09T10:12:12.732Z", "is_superuser": false, "username": "dilshad", "first_name": "", "last_name": "", "email": "", "is_staff": false, "is_active": true, "date_joined": "2023-10-09T04:56:34.230Z", "groups": [], "user_permissions": []}}, {"model": "auth.user", "pk": 6, "fields": {"password": "pbkdf2_sha256$600000$vXtmThOJ3r80cZYIt3M3bv$ZVJIeJnLlgHg+7JOmS9l1zo86FsjUH/NDJd/+Zd556c=", "last_login": "2023-10-09T09:16:12.719Z", "is_superuser": true, "username": "admin", "first_name": "", "last_name": "", "email": "", "is_staff": true, "is_active": true, "date_joined": "2023-10-09T06:06:57.748Z", "groups": [], "user_permissions": []}}, {"model": "sessions.session", "pk": "y34bvch8zd0sj2xvnru8fr43k9nk5sn4", "fields": {"session_data": ".eJxVjMsOwiAQRf-FtSEjQxlw6b7f0DAdkKqBpI-V8d-1SRe6veec-1JD3NYybEuah0nURXXq9LtxHB-p7kDusd6aHltd54n1ruiDLrpvkp7Xw_07KHEp3zqAdZ7xjGxpZJcdEoh0JIyQQ3Aesk1sDVM2PgdHZH0A01kBEERS7w_IKDbO:1qpnFE:jnANeKvRGLCuhJJt4AWUmgLIctQDlRPdVDjxuDmD8gk", "expire_date": "2023-10-23T10:12:12.737Z"}}, {"model": "base.department", "pk": 1, "fields": {"name": "Computer Science"}}, {"model": "base.department", "pk": 2, "fields": {"name": "Commerce"}}, {"model": "base.department", "pk": 3, "fields": {"name": "Engineering"}}, {"model": "base.course", "pk": 2, "fields": {"department": 2, "name": "Bachelor of Commerce (B. Com)"}}, {"model": "base.course", "pk": 3, "fields": {"department": 2, "name": "Bachelor of Economics (BE)"}}, {"model": "base.course", "pk": 4, "fields": {"department": 2, "name": "Bachelor of Accounting and Finance (BAF)"}}, {"model": "base.course", "pk": 5, "fields": {"department": 2, "name": "Bachelor of Commerce in Banking and Insurance (BBI)"}}, {"model": "base.course", "pk": 6, "fields": {"department": 2, "name": "Bachelor of Commerce in Financial Market (BFM"}}, {"model": "base.course", "pk": 7, "fields": {"department": 1, "name": "Cyber security"}}, {"model": "base.course", "pk": 8, "fields": {"department": 1, "name": "Data science"}}, {"model": "base.course", "pk": 9, "fields": {"department": 1, "name": "Big data engineering"}}, {"model": "base.course", "pk": 10, "fields": {"department": 1, "name": "Data analytics."}}, {"model": "base.course", "pk": 11, "fields": {"department": 1, "name": "Software programming."}}, {"model": "base.course", "pk": 12, "fields": {"department": 3, "name": "Mechanical Engineering"}}, {"model": "base.course", "pk": 13, "fields": {"department": 3, "name": "Civil Engineering"}}, {"model": "base.course", "pk": 14, "fields": {"department": 3, "name": "Electrical engineering"}}, {"model": "base.purpose", "pk": 1, "fields": {"name": "Enquiry"}}, {"model": "base.purpose", "pk": 2, "fields": {"name": "Place Order"}}, {"model": "base.purpose", "pk": 3, "fields": {"name": "Return"}}, {"model": "base.material", "pk": 1, "fields": {"name": "fsd"}}, {"model": "base.material", "pk": 2, "fields": {"name": "pen"}}, {"model": "base.material", "pk": 3, "fields": {"name": "exam_papers"}}, {"model": "base.material", "pk": 4, "fields": {"name": "debit_notebook"}}, {"model": "base.profile", "pk": 3, "fields": {"name": "Dilshad PP", "dob": "2023-10-16", "age": 24, "gender": "male", "phone_number": "+918086611606", "mail_id": "dilshad606p@gmail.com", "address": "Puthrpeediyekkal house", "department": 1, "course": 9, "purpose": 2, "materials": [2, 3]}}, {"model": "base.profile", "pk": 4, "fields": {"name": "Dilshad PP", "dob": "2023-10-16", "age": 24, "gender": "male", "phone_number": "+918086611606", "mail_id": "dilshad606p@gmail.com", "address": "Puthrpeediyekkal house", "department": 1, "course": 9, "purpose": 2, "materials": [2, 3]}}, {"model": "base.profile", "pk": 5, "fields": {"name": "Dilshad PP", "dob": "2023-10-16", "age": 24, "gender": "male", "phone_number": "+918086611606", "mail_id": "dilshad606p@gmail.com", "address": "Puthrpeediyekkal house", "department": 1, "course": 9, "purpose": 2, "materials": [2, 3]}}, {"model": "base.profile", "pk": 6, "fields": {"name": "Dilshad PP", "dob": "2023-10-11", "age": 34, "gender": "male", "phone_number": "+918086611606", "mail_id": "dilshad606p@gmail.com", "address": "Puthrpeediyekkal house", "department": 2, "course": 2, "purpose": 1, "materials": [2]}}, {"model": "base.profile", "pk": 7, "fields": {"name": "Dilshad PP", "dob": "2023-10-09", "age": 23, "gender": "female", "phone_number": "+918086611606", "mail_id": "dilshad606p@gmail.com", "address": "Puthrpeediyekkal house", "department": 1, "course": 7, "purpose": 1, "materials": [3]}}, {"model": "base.profile", "pk": 8, "fields": {"name": "Dilshad PP", "dob": "2023-10-09", "age": 23, "gender": "female", "phone_number": "+918086611606", "mail_id": "dilshad606p@gmail.com", "address": "Puthrpeediyekkal house", "department": 1, "course": 7, "purpose": 1, "materials": [3]}}, {"model": "base.profile", "pk": 9, "fields": {"name": "Dilshad PP", "dob": "2023-10-10", "age": 23, "gender": "female", "phone_number": "+918086611606", "mail_id": "dilshad606p@gmail.com", "address": "Puthrpeediyekkal house", "department": 1, "course": 9, "purpose": 2, "materials": [2, 3, 4]}}, {"model": "base.profile", "pk": 10, "fields": {"name": "Dilshad PP", "dob": "2023-10-09", "age": 45, "gender": "female", "phone_number": "+918086611606", "mail_id": "dilshad606p@gmail.com", "address": "Puthrpeediyekkal house", "department": 1, "course": 9, "purpose": 3, "materials": [2]}}, {"model": "base.profile", "pk": 11, "fields": {"name": "Dilshad PP", "dob": "2023-10-09", "age": 23, "gender": "male", "phone_number": "+918086611606", "mail_id": "dilshad606p@gmail.com", "address": "Puthrpeediyekkal house", "department": 1, "course": 8, "purpose": 2, "materials": [2, 3, 4]}}, {"model": "base.profile", "pk": 12, "fields": {"name": "Dilshad PP", "dob": "2023-10-12", "age": 34, "gender": "female", "phone_number": "+918086611606", "mail_id": "dilshad606p@gmail.com", "address": "Puthrpeediyekkal house", "department": 2, "course": 2, "purpose": 2, "materials": [2, 3, 4]}}, {"model": "base.profile", "pk": 13, "fields": {"name": "Dilshad PP", "dob": "2023-10-12", "age": 34, "gender": "female", "phone_number": "+918086611606", "mail_id": "dilshad606p@gmail.com", "address": "Puthrpeediyekkal house", "department": 2, "course": 2, "purpose": 2, "materials": [2, 3, 4]}}, {"model": "base.profile", "pk": 14, "fields": {"name": "Dilshad PP", "dob": "2023-10-04", "age": 23, "gender": "male", "phone_number": "+918086611606", "mail_id": "dilshad606p@gmail.com", "address": "Puthrpeediyekkal house", "department": 2, "course": 2, "purpose": 2, "materials": [2]}}, {"model": "base.profile", "pk": 15, "fields": {"name": "Dilshad PP", "dob": "2023-10-05", "age": 54, "gender": "female", "phone_number": "+918086611606", "mail_id": "dilshad606p@gmail.com", "address": "Puthrpeediyekkal house", "department": 1, "course": 7, "purpose": 2, "materials": [4]}}, {"model": "base.profile", "pk": 16, "fields": {"name": "Dilshad PP", "dob": "2023-10-19", "age": 23, "gender": "female", "phone_number": "+918086611606", "mail_id": "dilshad606p@gmail.com", "address": "Puthrpeediyekkal house", "department": 2, "course": 2, "purpose": 2, "materials": []}}, {"model": "base.profile", "pk": 17, "fields": {"name": "Dilshad PP", "dob": "2023-10-05", "age": 23, "gender": "male", "phone_number": "+918086611606", "mail_id": "dilshad606p@gmail.com", "address": "Puthrpeediyekkal house", "department": 1, "course": 9, "purpose": 2, "materials": [3, 4]}}]